﻿<?xml version="1.0" encoding="utf-8"?>
<deployment>
  <id>6adde171-e971-492c-9be0-ef2ab6e37e96</id>
  <author>N/A</author>
  <deployer>OneDeploy</deployer>
  <authorEmail>N/A</authorEmail>
  <message>OneDeploy</message>
  <progress></progress>
  <status>Success</status>
  <statusText></statusText>
  <lastSuccessEndTime>2026-02-23T21:26:18.7223822Z</lastSuccessEndTime>
  <receivedTime>2026-02-23T21:25:59.9312245Z</receivedTime>
  <startTime>2026-02-23T21:26:01.2900896Z</startTime>
  <endTime>2026-02-23T21:26:18.7223822Z</endTime>
  <complete>True</complete>
  <is_temp>False</is_temp>
  <is_readonly>True</is_readonly>
  <containerId>3fb2df344641</containerId>
  <buildSummary />
</deployment>