﻿<?xml version="1.0" encoding="utf-8"?>
<deployment>
  <id>f5d5f07d-a4f1-4280-914a-a85ee18fec2e</id>
  <author>N/A</author>
  <deployer>OneDeploy</deployer>
  <authorEmail>N/A</authorEmail>
  <message>OneDeploy</message>
  <progress></progress>
  <status>Success</status>
  <statusText></statusText>
  <lastSuccessEndTime>2026-02-23T21:15:40.171406Z</lastSuccessEndTime>
  <receivedTime>2026-02-23T21:14:32.7571589Z</receivedTime>
  <startTime>2026-02-23T21:14:34.1247976Z</startTime>
  <endTime>2026-02-23T21:15:40.171406Z</endTime>
  <complete>True</complete>
  <is_temp>False</is_temp>
  <is_readonly>True</is_readonly>
  <containerId>3fb2df344641</containerId>
  <buildSummary />
</deployment>