<step title="Incoming Request" date="2026-02-23T21:14:22.491" instance="bec1e0" url="/api/publish?type=zip&amp;restart=True" method="POST" type="request" pid="833,1,5" Accept="*/*" Host="unitywithin-app.scm.azurewebsites.net" User-Agent="AZURECLI/2.83.0 (PIP)" Accept-Encoding="gzip, deflate" Authorization="Bea..." Cache-Control="no-cache" Content-Type="application/octet-stream" Content-Length="5649356" x-ms-client-request-id="83b28152-10fc-11f1-bbd5-5ce0c5ab8655" x-ms-artifact-checksum="dd80f663e7d892bfed16ebb74b9833a2c4b9dfd7e5130e5ef6ef65917f7c37e4" X-ARR-LOG-ID="83b28152-10fc-11f1-bbd5-5ce0c5ab8655" CLIENT-IP="129.222.147.195:30555" X-SITE-DEPLOYMENT-ID="unitywithin-app" WAS-DEFAULT-HOSTNAME="unitywithin-app.scm.azurewebsites.net" X-Forwarded-Proto="https" X-AppService-Proto="https" X-Forwarded-TlsVersion="1.3" X-WAWS-Unencoded-URL="/api/publish?type=zip&amp;restart=True" X-Client-IP="129.222.147.195" X-Client-Port="30555" >
  <step title="OneDeploy" date="2026-02-23T21:14:23.557" >
    <step title="None repository commit" date="2026-02-23T21:14:23.571" >
      <step title="Commit id: f5d5f07d-a4f1-4280-914a-a85ee18fec2e" date="2026-02-23T21:14:23.575" Message="N/A" AuthorName="N/A" AuthorEmail="N/A" /><!-- duration: 3ms -->
    </step><!-- duration: 10ms -->
    <step title="Starting PushDeployAsync" date="2026-02-23T21:14:23.585" /><!-- duration: 22ms -->
    <step title="Writing artifact to /tmp/zipdeploy/ab332cc7-3b20-4e82-91e3-e865a5ae5a9a.zip" date="2026-02-23T21:14:23.620" >
      <step title="Writing multipart request body to /tmp/zipdeploy/ab332cc7-3b20-4e82-91e3-e865a5ae5a9a.zip" date="2026-02-23T21:14:23.626" /><!-- duration: 6ms -->
    </step><!-- duration: 360ms -->
    <step title="Attempting to fetch target branch HEAD" date="2026-02-23T21:14:24.018" /><!-- duration: 4ms -->
    <step title="Acquiring Deployment Lock" date="2026-02-23T21:14:24.026" /><!-- duration: 3ms -->
    <step title="Acquired Deployment Lock" date="2026-02-23T21:14:24.183" /><!-- duration: 12ms -->
    <step title="Performing fetch based deployment" date="2026-02-23T21:14:24.210" >
      <step title="Creating temporary deployment" date="2026-02-23T21:14:24.215" /><!-- duration: 347ms -->
      <step title="Releasing Deployment Lock" date="2026-02-23T21:14:25.789" /><!-- duration: 27ms -->
      <step title="Cleaning up temp folders from previous zip deployments and extracting pushed zip file /tmp/zipdeploy/ab332cc7-3b20-4e82-91e3-e865a5ae5a9a.zip (5.39 MB) to /tmp/zipdeploy/extracted" date="2026-02-23T21:14:25.947" >
        <step title="ChmodRecursive Process exited with total time taken in ms: 239" date="2026-02-23T21:14:30.674" /><!-- duration: 6ms -->
      </step><!-- duration: 4737ms -->
      <step title="None repository commit" date="2026-02-23T21:14:30.687" >
        <step title="Commit id: f5d5f07d-a4f1-4280-914a-a85ee18fec2e" date="2026-02-23T21:14:30.690" Message="OneDeploy" AuthorName="N/A" AuthorEmail="N/A" /><!-- duration: 3ms -->
      </step><!-- duration: 9ms -->
      <step title="Deployment timer started" date="2026-02-23T21:14:32.703" >
        <step title="DeploymentManager.Deploy(id:f5d5f07d-a4f1-4280-914a-a85ee18fec2e)" date="2026-02-23T21:14:32.711" >
          <step title="Collecting changeset information" date="2026-02-23T21:14:32.734" /><!-- duration: 88ms -->
          <step title="Updating submodules" date="2026-02-23T21:14:32.826" /><!-- duration: 1139ms -->
          <step title="Determining deployment builder" date="2026-02-23T21:14:34.206" >
            <step title="Builder is OneDeployBuilder" date="2026-02-23T21:14:34.222" /><!-- duration: 5ms -->
          </step><!-- duration: 27ms -->
          <step title="PreDeployment: context.CleanOutputPath False" date="2026-02-23T21:14:34.280" >
            <step title="PreDeployment: context.OutputPath /home/site/wwwroot" date="2026-02-23T21:14:34.415" >
              <step title="Building" date="2026-02-23T21:14:34.581" >
                <step title="Executing external process" date="2026-02-23T21:14:35.125" type="process" path="starter.sh" arguments="/opt/Kudu/Scripts/parallel_rsync.sh /tmp/zipdeploy/extracted /home/site/wwwroot 8 /tmp/ False False  " /><!-- duration: 64217ms -->
                <step title="Modified file to trigger a restart of the app container." date="2026-02-23T21:15:39.781" /><!-- duration: 3ms -->
                <step title="Skip function trigger and logicapp sync because function is not enabled." date="2026-02-23T21:15:39.808" /><!-- duration: 4ms -->
              </step><!-- duration: 65952ms -->
            </step><!-- duration: 66125ms -->
            <step title="Cleaning up temp files" date="2026-02-23T21:15:40.543" /><!-- duration: 8ms -->
            <step title="Cleaning up temp files" date="2026-02-23T21:15:40.554" /><!-- duration: 507ms -->
            <step title="Reloading status file with latest updates" date="2026-02-23T21:15:41.110" >
              <step title="WebHooksManager.PublishEventAsync: PostDeployment" date="2026-02-23T21:15:41.116" /><!-- duration: 91ms -->
            </step><!-- duration: 102ms -->
            <step title="Cleaning up temporary deployment - fetch deployment was successful" date="2026-02-23T21:15:41.231" /><!-- duration: 5ms -->
          </step><!-- duration: 67029ms -->
        </step><!-- duration: 68636ms -->
        <step title="Outgoing response" date="2026-02-23T21:15:41.371" type="response" statusCode="200" statusText="OK" /><!-- duration: 3ms -->
      </step><!-- duration: 68689ms -->
