<step title="Incoming Request" date="2026-02-23T21:25:29.790" instance="bec1e0" url="/api/publish?type=zip&amp;restart=True&amp;clean=True" method="POST" type="request" pid="833,1,25" Accept="*/*" Host="unitywithin-app.scm.azurewebsites.net" User-Agent="AZURECLI/2.83.0 (PIP)" Accept-Encoding="gzip, deflate" Authorization="Bea..." Cache-Control="no-cache" Content-Type="application/octet-stream" Cookie="ARRAffinity=bec1e06e53eec8d5c5f389b3597570d9375ce0ef48cc72401db89ecd02d82bd0; ARRAffinitySameSite=bec1e06e53eec8d5c5f389b3597570d9375ce0ef48cc72401db89ecd02d82bd0" Content-Length="11247672" x-ms-client-request-id="2215068e-10fe-11f1-941b-5ce0c5ab8655" x-ms-artifact-checksum="3877aae7f460510d6f0a9319b41d7cef0a42ad9cfe0cb3ade793832ce15bfd53" X-ARR-LOG-ID="2215068e-10fe-11f1-941b-5ce0c5ab8655" CLIENT-IP="129.222.147.195:10410" X-SITE-DEPLOYMENT-ID="unitywithin-app" WAS-DEFAULT-HOSTNAME="unitywithin-app.scm.azurewebsites.net" X-Forwarded-Proto="https" X-AppService-Proto="https" X-Forwarded-TlsVersion="1.3" X-WAWS-Unencoded-URL="/api/publish?type=zip&amp;restart=True&amp;clean=True" X-Client-IP="129.222.147.195" X-Client-Port="10410" >
  <step title="OneDeploy" date="2026-02-23T21:25:29.822" >
    <step title="Starting PushDeployAsync" date="2026-02-23T21:25:29.833" /><!-- duration: 4ms -->
    <step title="Writing artifact to /tmp/zipdeploy/bbf76079-a72b-49b3-9d96-7ec55d321f6a.zip" date="2026-02-23T21:25:29.852" >
      <step title="Writing multipart request body to /tmp/zipdeploy/bbf76079-a72b-49b3-9d96-7ec55d321f6a.zip" date="2026-02-23T21:25:29.858" /><!-- duration: 10ms -->
    </step><!-- duration: 21653ms -->
    <step title="Attempting to fetch target branch HEAD" date="2026-02-23T21:25:51.538" /><!-- duration: 4ms -->
    <step title="Acquiring Deployment Lock" date="2026-02-23T21:25:51.546" /><!-- duration: 19ms -->
    <step title="Acquired Deployment Lock" date="2026-02-23T21:25:51.602" /><!-- duration: 7ms -->
    <step title="Performing fetch based deployment" date="2026-02-23T21:25:51.616" >
      <step title="Creating temporary deployment" date="2026-02-23T21:25:51.619" /><!-- duration: 60ms -->
      <step title="Releasing Deployment Lock" date="2026-02-23T21:25:52.856" /><!-- duration: 6ms -->
      <step title="Cleaning up temp folders from previous zip deployments and extracting pushed zip file /tmp/zipdeploy/bbf76079-a72b-49b3-9d96-7ec55d321f6a.zip (10.73 MB) to /tmp/zipdeploy/extracted" date="2026-02-23T21:25:52.902" >
        <step title="ChmodRecursive Process exited with total time taken in ms: 282" date="2026-02-23T21:25:57.820" /><!-- duration: 13ms -->
      </step><!-- duration: 4937ms -->
      <step title="None repository commit" date="2026-02-23T21:25:57.849" >
        <step title="Commit id: 6adde171-e971-492c-9be0-ef2ab6e37e96" date="2026-02-23T21:25:57.852" Message="OneDeploy" AuthorName="N/A" AuthorEmail="N/A" /><!-- duration: 5ms -->
      </step><!-- duration: 11ms -->
      <step title="Deployment timer started" date="2026-02-23T21:25:59.868" >
        <step title="DeploymentManager.Deploy(id:6adde171-e971-492c-9be0-ef2ab6e37e96)" date="2026-02-23T21:25:59.875" >
          <step title="Collecting changeset information" date="2026-02-23T21:25:59.897" /><!-- duration: 87ms -->
          <step title="Updating submodules" date="2026-02-23T21:25:59.991" /><!-- duration: 1136ms -->
          <step title="Determining deployment builder" date="2026-02-23T21:26:01.375" >
            <step title="Builder is OneDeployBuilder" date="2026-02-23T21:26:01.394" /><!-- duration: 3ms -->
          </step><!-- duration: 27ms -->
          <step title="PreDeployment: context.CleanOutputPath False" date="2026-02-23T21:26:01.460" >
            <step title="PreDeployment: context.OutputPath /home/site/wwwroot" date="2026-02-23T21:26:01.589" >
              <step title="Building" date="2026-02-23T21:26:01.889" >
                <step title="Executing external process" date="2026-02-23T21:26:04.384" type="process" path="starter.sh" arguments="/opt/Kudu/Scripts/absoluteTar.sh /tmp/zipdeploy/extracted/node_modules /tmp/zipdeploy/extracted/node_modules.tar.gz" /><!-- duration: 3320ms -->
                <step title="Executing external process" date="2026-02-23T21:26:07.976" type="process" path="starter.sh" arguments="/opt/Kudu/Scripts/parallel_rsync.sh /tmp/zipdeploy/extracted /home/site/wwwroot 8 /tmp/ True False node_modules " /><!-- duration: 9566ms -->
                <step title="Modified file to trigger a restart of the app container." date="2026-02-23T21:26:18.343" /><!-- duration: 3ms -->
                <step title="Skip function trigger and logicapp sync because function is not enabled." date="2026-02-23T21:26:18.352" /><!-- duration: 4ms -->
              </step><!-- duration: 17175ms -->
            </step><!-- duration: 17507ms -->
            <step title="Cleaning up temp files" date="2026-02-23T21:26:19.098" /><!-- duration: 4ms -->
            <step title="Cleaning up temp files" date="2026-02-23T21:26:19.107" /><!-- duration: 505ms -->
            <step title="Reloading status file with latest updates" date="2026-02-23T21:26:19.659" >
              <step title="WebHooksManager.PublishEventAsync: PostDeployment" date="2026-02-23T21:26:19.664" /><!-- duration: 34ms -->
            </step><!-- duration: 43ms -->
            <step title="Cleaning up temporary deployment - fetch deployment was successful" date="2026-02-23T21:26:19.707" /><!-- duration: 3ms -->
          </step><!-- duration: 18323ms -->
        </step><!-- duration: 19912ms -->
        <step title="Outgoing response" date="2026-02-23T21:26:19.794" type="response" statusCode="200" statusText="OK" /><!-- duration: 4ms -->
      </step><!-- duration: 19932ms -->
